,Target,n_rs3188513,n_rs9960669,n_rs2602,n_rs5445365,n_rs133061,n_rs10102851,n_rs8375668,n_rs3015353,n_rs3229523,n_rs6236416,n_rs5274755,n_rs9280789,n_rs2515462,n_rs9025039,n_rs94282819,n_rs344903,n_rs0370,n_rs9072249,n_rs0220,n_rs833068,n_rs933069
0,R,0,1,2,1,0,2,1,1,0,0,0,2,0,1,0,0,2,2,0,2,2
1,R,1,0,1,2,0,2,0,0,0,2,2,2,1,0,0,2,0,0,0,1,1
2,R,1,2,0,1,0,0,0,1,1,2,0,0,1,2,0,1,0,0,1,0,0
3,R,0,0,0,0,1,2,1,0,1,2,0,2,2,2,2,2,0,1,0,1,1
4,R,0,0,2,0,1,2,0,1,1,0,2,1,0,0,0,2,0,1,1,1,1
5,R,0,0,2,2,1,2,0,3,3,0,0,1,0,2,2,1,2,0,0,1,1
6,R,1,2,1,2,1,0,1,2,2,0,2,2,1,1,0,1,1,2,3,1,1
7,R,0,2,1,1,0,2,0,0,1,2,0,2,0,2,0,0,2,1,0,0,0
8,R,0,0,2,2,1,2,0,2,1,2,0,2,0,0,2,2,2,1,2,1,1
9,R,0,1,0,0,0,2,0,2,2,0,2,2,1,1,0,0,1,2,0,2,2
10,R,1,0,0,2,1,1,0,1,1,0,2,2,1,0,0,1,1,1,0,2,2
11,R,0,2,2,0,0,0,0,0,0,2,2,0,0,2,2,0,0,1,0,0,0
12,R,0,0,1,1,0,0,0,0,0,0,2,2,1,2,2,1,0,1,0,0,0
13,R,0,2,0,2,0,2,0,1,1,0,0,2,0,2,0,1,0,1,1,2,1
14,R,0,2,2,1,2,0,1,0,1,2,0,2,1,2,2,1,2,1,1,0,0
15,R,2,2,0,1,0,2,0,2,0,2,2,2,0,2,2,0,1,1,0,1,1
16,R,1,2,1,0,1,2,0,2,0,0,0,0,0,2,2,2,2,0,0,0,1
17,R,0,2,1,1,0,2,0,0,0,2,2,0,1,2,2,2,0,1,2,1,1
18,R,0,0,2,2,0,0,0,1,1,2,2,0,0,2,0,0,1,1,0,2,2
19,R,0,2,2,1,0,0,1,0,2,0,2,2,0,1,2,3,0,1,0,0,0
20,R,0,2,0,1,1,0,0,3,0,1,1,0,2,2,0,2,2,1,0,0,1
21,NR,1,1,2,2,2,2,0,2,1,0,3,2,0,0,2,2,0,2,1,1,2
22,NR,0,0,2,2,0,2,0,1,2,2,2,1,0,2,2,2,2,1,2,1,1
23,NR,2,2,2,2,2,2,0,2,1,0,2,0,2,1,2,2,2,2,1,2,0
24,NR,1,2,2,1,0,2,0,2,2,0,0,1,0,2,2,2,2,2,1,2,2
25,NR,1,1,2,1,0,2,2,1,2,2,2,2,2,2,2,2,2,2,1,0,0
26,NR,0,1,1,1,1,1,2,0,2,1,1,2,2,2,1,2,1,1,1,1,1
27,NR,1,2,0,2,2,2,0,1,0,2,2,2,0,2,2,1,2,0,2,2,2
28,NR,2,2,2,2,0,2,0,0,0,2,2,2,0,2,2,2,2,1,0,0,2
29,NR,1,2,0,1,2,2,2,1,0,1,1,2,0,2,2,2,1,2,1,2,1
30,NR,0,2,1,0,2,2,2,2,2,2,2,2,2,1,2,2,2,2,0,2,2
31,NR,1,2,0,2,1,2,0,0,1,2,2,2,1,1,1,2,2,2,0,1,2
32,NR,0,2,1,2,0,2,2,0,2,1,1,2,1,2,2,2,2,2,0,0,0
33,NR,1,2,1,2,1,2,1,2,0,2,2,2,2,0,0,2,2,2,1,2,0
34,NR,0,2,0,2,1,2,2,1,2,2,2,2,1,2,2,2,2,1,1,2,2
35,NR,1,2,2,0,2,2,2,3,1,2,2,0,0,2,2,2,1,1,0,2,2
36,NR,2,1,0,2,2,2,2,1,0,2,2,2,2,0,2,2,2,1,0,2,2
37,R,0,2,2,0,1,2,2,1,1,2,1,1,0,2,2,2,0,0,0,1,2
38,R,0,2,1,2,1,0,0,2,0,0,1,1,0,2,0,2,2,0,0,2,2
39,R,1,2,2,1,0,2,0,0,0,2,0,2,1,2,0,0,2,0,0,0,0
40,R,2,2,0,1,0,2,1,1,1,0,2,2,1,1,2,2,2,1,0,1,1
41,R,2,1,1,0,1,1,2,0,1,0,0,1,1,2,0,1,1,0,0,0,0
42,R,2,2,0,0,2,1,0,0,0,2,2,2,0,1,2,2,1,0,2,0,1
43,R,0,2,1,2,1,2,1,1,0,0,2,0,0,2,2,1,2,2,1,1,1
44,R,1,0,2,2,1,2,0,1,0,2,2,0,0,2,1,2,0,0,1,0,1
45,NR,2,1,2,2,2,2,1,0,2,2,2,2,1,2,2,2,0,2,1,1,2
46,NR,1,2,2,1,0,2,0,2,0,1,2,1,2,2,2,2,2,2,0,1,2
47,NR,2,2,2,1,1,2,2,1,0,2,2,2,2,1,2,0,1,0,0,1,1
48,NR,2,0,1,2,2,2,2,1,0,2,2,2,2,2,2,2,2,0,2,2,0
49,NR,1,0,2,2,0,2,0,1,1,2,2,0,2,1,1,2,2,2,2,0,0
50,R,0,2,1,1,1,0,0,1,0,2,1,2,0,2,2,0,2,0,0,1,1
51,NR,1,2,2,2,2,2,1,2,1,2,0,2,0,2,1,2,1,2,0,1,1
52,NR,2,2,2,2,1,2,1,1,2,1,2,2,0,2,2,2,2,1,1,2,1
